{"name":"AR0132AT-RGB","type":"sensor","pixel":{"name":"aps","type":"pixel","width":3.751e-06,"height":3.751e-06,"widthGap":0,"heightGap":0,"pdWidth":3.24846128959543e-06,"pdHeight":3.24846128959543e-06,"pdXpos":1.875644347017859e-07,"pdYpos":1.875644347017859e-07,"conversionGain":0.00011,"voltageSwing":2.8,"darkVoltage":0.001,"readNoise":0.001,"n":[1,2,1.46,3.5],"layerThickness":[2e-06,5e-06],"spectrum":{"wave":[400,410,420,430,440,450,460,470,480,490,500,510,520,530,540,550,560,570,580,590,600,610,620,630,640,650,660,670,680,690,700]},"spectralQE":[1,1,1,1,1,1,1,1,1,1,1,1,1,1,1,1,1,1,1,1,1,1,1,1,1,1,1,1,1,1,1]},"rows":874,"cols":1164,"spectrum":{"wave":[400,410,420,430,440,450,460,470,480,490,500,510,520,530,540,550,560,570,580,590,600,610,620,630,640,650,660,670,680,690,700]},"data":[],"sigmaGainFPN":0,"gainFPNimage":[],"sigmaOffsetFPN":0,"offsetFPNimage":[],"analogGain":1,"analogOffset":0,"quantization":{"bits":[],"method":"analog"},"cfa":{"pattern":[[2,1],[3,2]]},"color":{"filterSpectra":[[0.1354830472856927,0.03942532550757075,0.4332259105717077],[0.1054931653177724,0.03056326253637714,0.549780089704744],[0.08308480823408788,0.02590835698592596,0.6397985849883054],[0.06336794981297976,0.02405941233014863,0.6997075328216952],[0.04796911869279701,0.02563054204775837,0.7559275197991451],[0.03795402431835485,0.02967340379410508,0.8098961611824399],[0.03412380203995542,0.05063066707043563,0.8226733924014931],[0.03417427022874628,0.08580624075847387,0.8040289886824946],[0.03422473841753715,0.124884137806693,0.7471651284376298],[0.03427520660632801,0.1612590860165148,0.6202746399625056],[0.03724113124902614,0.2677151047440913,0.4953498668895039],[0.04836454583159514,0.4714792110745411,0.3577130756206462],[0.07216943674978406,0.7120001735662146,0.2399690873114324],[0.09492423492957708,0.9129784563512398,0.1810079166310451],[0.08801672766013666,0.9948253428047139,0.1349137512069454],[0.0765273693938754,0.9780574672934841,0.1059223983800097],[0.07524706349694307,0.9204497085493235,0.08253073888371343],[0.1182770814858633,0.8398383565019643,0.06695744705364894],[0.3475557412745244,0.7319846695183192,0.06526216338306808],[0.7771495427841112,0.6161012430182796,0.0662558354934257],[0.9219016058050213,0.4639149903224651,0.05973216691742567],[0.8992845914387368,0.3265647477524274,0.04901588597822736],[0.8537910817105426,0.1941048860380817,0.04210196360897991],[0.8171039208513085,0.1327707424140897,0.03883668901884886],[0.770609360534836,0.106980472384876,0.04170388469292036],[0.7119686387349158,0.0906250858950023,0.04523102524753227],[0.6703586272915861,0.08026416617516226,0.05151204411261755],[0.6451354870055669,0.08299933959446984,0.05721507244693085],[0.6011704634038444,0.09571985781264281,0.06030745886421213],[0.5558636164883586,0.1163742198397906,0.06354713321574737],[0.5271777441154337,0.1388520012273955,0.06691617573152059]],"filterNames":["rAR0132","gAR0132","bAR0132"],"irFilter":[1,1,1,1,1,1,1,1,1,1,1,1,1,1,1,1,1,1,1,1,1,1,1,1,1,1,1,1,1,1,1]},"integrationTime":0.00036,"AE":0,"CDS":0,"mccRectHandles":[],"noiseFlag":2,"metadata":{"GTObjects":[{"label":"car","bbox2d":[1376,529,103,72],"catId":2,"distance":58.7555923},{"label":"car","bbox2d":[622,445,677,592],"catId":2,"distance":6.26258469},{"label":"car","bbox2d":[154,533,105,57],"catId":2,"distance":74.93444820000001},{"label":"car","bbox2d":[1,532,22,85],"catId":2,"distance":49.0918808},{"label":"person","bbox2d":[1215,498,55,130],"catId":0,"distance":12.3267632},{"label":"person","bbox2d":[55,525,30,72],"catId":0,"distance":66.0127945},{"label":"person","bbox2d":[257,529,17,56],"catId":0,"distance":83.10899999999999},{"label":"deer","bbox2d":[1776,543,56,65],"catId":91,"distance":53.4740524}],"Stats":{"uniqueLabels":["car","deer","person"],"minDistance":6.26258469},"closestTarget":{"label":"car","distance":6.45395184,"bbox":[622,445,677,592],"name":"7 car_008 "},"imgSize":[874,1164],"lightingParams":{"meanLuminance":500,"skyL_wt":20,"headL_wt":0,"otherL_wt":1,"streetL_wt":0,"flare":0},"scenario":"daytime_20_500","sceneID":"1113192046","sceneSize":[1080,1920],"web":{"GTName":"1113192046-GT.png","OIName":"1113192046-OI.png"}}}