{"name":"MTV9V024-RGB","type":"sensor","pixel":{"name":"aps","type":"pixel","width":6e-06,"height":6e-06,"widthGap":0,"heightGap":0,"pdWidth":5.366563145999496e-06,"pdHeight":5.366563145999496e-06,"pdXpos":3.167184270002523e-07,"pdYpos":3.167184270002523e-07,"conversionGain":0.00011,"voltageSwing":2.8,"darkVoltage":0.001,"readNoise":0.001,"n":[1,2,1.46,3.5],"layerThickness":[2e-06,5e-06],"spectrum":{"wave":[400,410,420,430,440,450,460,470,480,490,500,510,520,530,540,550,560,570,580,590,600,610,620,630,640,650,660,670,680,690,700,710,720,730,740,750,760,770,780]},"spectralQE":[1,1,1,1,1,1,1,1,1,1,1,1,1,1,1,1,1,1,1,1,1,1,1,1,1,1,1,1,1,1,1,0,0,0,0,0,0,0,0]},"rows":480,"cols":752,"spectrum":{"wave":[400,410,420,430,440,450,460,470,480,490,500,510,520,530,540,550,560,570,580,590,600,610,620,630,640,650,660,670,680,690,700,710,720,730,740,750,760,770,780]},"data":[],"sigmaGainFPN":0,"gainFPNimage":[],"sigmaOffsetFPN":0,"offsetFPNimage":[],"analogGain":1,"analogOffset":0,"quantization":{"bits":[],"method":"analog"},"cfa":{"pattern":[[2,1],[3,2]]},"color":{"filterSpectra":[[0.08402265001287663,0.0244504415359144,0.2686741241043845],[0.06542379645148243,0.01895444753269045,0.3409576399909321],[0.05152678437265226,0.01606761033981414,0.3967844956413453],[0.03929896157370969,0.0149209485779336,0.43393828467467],[0.02974905386392687,0.01589531758595557,0.4688042873530257],[0.02353798328108689,0.01840258299199142,0.502274070897656],[0.0211625906956895,0.03139966884718082,0.5101981385087737],[0.02119388960022784,0.05321453776402649,0.4986354209602321],[0.02122518850476618,0.07744951426258419,0.4633701067865675],[0.02125648740930452,0.1000082004148488,0.384676312125852],[0.02309586770972317,0.1660291305792679,0.3072015970515969],[0.0299942862878682,0.2923977097808221,0.2218432575887095],[0.04475738808019785,0.4415618233513045,0.1488218566162053],[0.05886925286238521,0.5662027157208578,0.1122558514393287],[0.05458541752365288,0.6169617769679998,0.08366958912343991],[0.04746005130390027,0.6065628276989548,0.06568999432704593],[0.04666604278074885,0.5708361692869987,0.05118316665780116],[0.07335200987378922,0.5208433505850583,0.04152506348400221],[0.2155439739076427,0.4539556271718417,0.04047369780114012],[0.481965569487985,0.3820880925822652,0.04108994437684695],[0.5717365937859613,0.2877065998183217,0.03704415464490064],[0.5577101785221588,0.2025259695339253,0.03039822852474756],[0.529496425419241,0.1203782113859299,0.02611041472747977],[0.5067441140518906,0.08234055732659128,0.02408538628606905],[0.4779095384556116,0.06634618108678964,0.02586353774831759],[0.4415422663650503,0.05620304552558419,0.02805096785343951],[0.4157369460790201,0.04977750411008959,0.03194627328388556],[0.4000942872302795,0.05147377920530789,0.03548312577833139],[0.3728284568189976,0.05936267506084743,0.0374009339975095],[0.3447304665697862,0.07217191036086824,0.03941008591465481],[0.3269403218764667,0.08611197737614662,0.04149946820899008],[0.3140235681652651,0.09900072678772645,0.04166337316830283],[0.2955218643491726,0.1027795530021847,0.03794271841007345],[0.2722166859679601,0.09637922776148597,0.03433021278864506],[0.2592549928200598,0.09358352883675471,0.03122060767982191],[0.2546900739937036,0.1023770476119012,0.03214222974896128],[0.255434891165173,0.1172862366683595,0.03562138047138062],[0.2544839340958761,0.1348574438149551,0.04183220668220691],[0.2424764411205405,0.1452330112932879,0.06092034537514888]],"filterNames":["r","g","b"],"irFilter":[1,1,1,1,1,1,1,1,1,1,1,1,1,1,1,1,1,1,1,1,1,1,1,1,1,1,1,1,1,1,1,0,0,0,0,0,0,0,0]},"integrationTime":0,"AE":1,"CDS":0,"mccRectHandles":[],"noiseFlag":2,"sensorFileName":"MT9V024SensorRGB.json"}